[
    {
        "model":"todolist.task",
        "pk":1,
        "fields":{
            "date":"22/07/2003",
            "title":"Tugas 1 MPPI",
            "description": "Membuat 3 paragraf esai."
        }
},
{
        "model":"todolist.task",
        "pk":2,
        "fields":{
            "date":"21/07/2003",
            "title":"SDA",
            "description": "Tugas TP 1"
        }
    },
    {
        "model":"todolist.task",
        "pk":3,
        "fields":{
            "date":"20/07/2003",
            "title":"Manpro",
            "description": "Refleksi Mingguan"
        }
    }
]